[
        {
                "id": 1,
                "name": "papers",
                "price": 5000,
                "count": 20
        },
        {
                "id": 2,
                "name": "col",
                "price": 13000,
                "count": 10
        },
        {
                "id": 3,
                "name": "fanta",
                "price": 13000,
                "count": 13
        },
        {
                "id": 4,
                "name": "bodring",
                "price": 10000,
                "count": 10
        }
]