[
    {
      "id":1 ,
      "title":"you are a badas",
      "author":"Jen Sincero",
      "users":[1,3, 5,7,13]
    },
    
    {
      "id":2 ,
      "title":"the game",
      "author":"Neil Strauss",
      "users":[13, 5,1]
    },
    {
      "id":3 ,
      "title":"game of thrones",
      "author":"George R. R. Martin",
      "users":[1,2, 5, 12, 13]
    },

    
    {
      "id":4 ,
      "title":"house of dragon",
      "author":"George R. R. Martin",
      "users":[12,6,5,2]
    },
    {
      "id":5 ,
      "title":"A Song of Ice and Fire",
      "author":"George R. R. Martin",
      "users":[4,5,6,9, 12]
    },
    
    {
      "id":6 ,
      "title":"the lord of the rings",
      "author":"John Ronald Reuel Tolkien",
      "users":[5, 2]
    },
    
    {
      "id":7 ,
      "title":"death of nile",
      "author":"agatha kristi",
      "users":[2, 12]
    },
    
    {
      "id":8 ,
      "title":"the hungry",
      "author":"jack soloman",
      "users":[10, 7]
    },
    
    {
      "id":9,
      "title":"the whispers",
      "author":"Ashley Audrain",
      "users":[4,10]
    },

    {
      "id":10 ,
      "title":"all the gold stars",
      "author":"Rainesford Stauffer",
      "users":[11, 6, 4, 2]
    },

    
    {
      "id":11 ,
      "title":"invisible hours",
      "author":"Alice Hoffman's",
      "users":[4,5,11, 12]
    },
    
    {
      "id":12 ,
      "title":"fire and blod",
      "author":"George R. R.",
      "users":[11, 4]
    }
]