[
    {
        "id": 1,
        "name": "eshmat",
        "books":[1, 2, 3]
    },
    {
        "id": 2,
        "name": "toshmat",
        "books":[4, 7, 10, 6]
    },
    {
        "id": 3,
        "name": "pulmat",
        "books":[1, 3, 7]
    },
    {
        "id": 4,
        "name": "kalmat",
        "books":[5, 9, 10, 11, 12]
    },
    {
        "id": 5,
        "name": "gishmat",
        "books":[1, 2,3 ,4, 5, 6]
    },
    {
        "id": 6,
        "name": "popkamat",
        "books":[4, 5, 10 ,11]
    },
    {
        "id": 7,
        "name": "pirmat",
        "books":[1, 8]
    },
    {
        "id": 8,
        "name": "nurmat",
        "books":[2]
    },
    {
        "id": 9,
        "name": "hormat",
        "books":[5]
    },
    {
        "id": 10,
        "name": "bormat",
        "books":[8 , 9]
    },
    {
        "id": 11,
        "name": "urmat",
        "books":[11, 10 , 12]
    },
    {
        "id": 12,
        "name": "qulmat",
        "books":[3, 4, 5,6 ,7]
    },
    {
        "id": 13,
        "name": "birmat",
        "books":[11, 1,  2, 3, 4]
    }
]